ID_Uzorka;GPS_LAT;GPS_LONG
1;18,485589;77,377999
2;18,475298;77,401776
3;18,487495;77,385356
4;18,469916;77,388826
5;18,467294;77,388556
6;18,487098;77,383113
7;18,474877;77,378434
8;18,464278;77,391392
9;18,473349;77,369957
10;18,500773;77,401479
11;18,482025;77,384619
12;18,488308;77,398339
13;18,470461;77,386091
14;18,487311;77,380009
15;18,480977;77,384093
16;18,475434;77,396422
17;18,466933;77,382185
18;18,469796;77,393861
19;18,484028;77,385583
20;18,496899;77,395438
21;18,485776;77,395819
22;18,475091;77,390295
23;18,492174;77,395423
24;18,469417;77,373687
25;18,474424;77,373643
26;18,482193;77,394392
27;18,482232;77,375447
28;18,473451;77,393183
29;18,474398;77,378325
30;18,476626;77,394436
31;18,464558;77,405859
32;18,466934;77,375502
33;18,470759;77,395596
34;18,476326;77,40318
35;18,481072;77,391098
36;18,470765;77,405094
37;18,468526;77,396999
38;18,487481;77,39426
39;18,487407;77,383055
40;18,479666;77,381876
41;18,48248;77,388631
42;18,503576;77,396605
43;18,484187;77,387376
44;18,48473;77,387666
45;18,488307;77,381362
46;18,472448;77,399348
47;18,486535;77,39156
48;18,488176;77,397707
49;18,494848;77,393163
50;18,485808;77,396831
51;18,484142;77,379256
52;18,490136;77,388024
53;18,482645;77,398901
54;18,484715;77,392157
55;18,497756;77,40636
56;18,470811;77,391432
57;18,470948;77,400148
58;18,471873;77,407539
59;18,499496;77,382118
60;18,473172;77,404521
61;18,484861;77,383508
62;18,46641;77,385442
63;18,479033;77,392733
64;18,475975;77,395394
65;18,485058;77,387343
66;18,485667;77,384065
67;18,500054;77,376169
68;18,481503;77,408451
69;18,47572;77,394207
70;18,473505;77,375781
71;18,48927;77,411754
72;18,477965;77,404073
73;18,480217;77,395456
74;18,47851;77,376809
75;18,492309;77,376341
76;18,484517;77,382948
77;18,468474;77,390901
78;18,482908;77,39812
79;18,471715;77,368953
80;18,477263;77,394521
81;18,476789;77,388229
82;18,482112;77,400036
83;18,474762;77,393185
84;18,483113;77,391934
85;18,47233;77,39304
86;18,481278;77,388312
87;18,480582;77,373928
88;18,484253;77,402448
89;18,481667;77,367999
90;18,479205;77,397007
91;18,480885;77,390846
92;18,474716;77,407545
93;18,486719;77,381784
94;18,47355;77,379028
95;18,482242;77,39052
96;18,494998;77,389351
97;18,479314;77,39001
98;18,483404;77,400041
99;18,486329;77,384592
100;18,477651;77,390581
101;18,48073;77,391701
102;18,455289;77,393297
103;18,479157;77,392373
104;18,467281;77,382658
105;18,482956;77,391736
106;18,477036;77,390122
107;18,47728;77,404211
108;18,469306;77,394582
109;18,491811;77,391186
110;18,488761;77,395083
111;18,474001;77,389861
112;18,48049;77,403736
113;18,488644;77,397358
114;18,479663;77,390488
115;18,47831;77,37739
116;18,482991;77,38619
117;18,468857;77,378197
118;18,481823;77,382089
119;18,498139;77,396052
120;18,462969;77,381842
121;18,471192;77,381739
122;18,489364;77,392086
123;18,490408;77,406889
124;18,472358;77,400311
125;18,468025;77,379523
126;18,487515;77,410041
127;18,480617;77,390721
128;18,483175;77,397088
129;18,478654;77,400027
130;18,481526;77,383298
131;18,480139;77,396613
132;18,472594;77,398934
133;18,483771;77,392438
134;18,486532;77,392671
135;18,478315;77,397938
136;18,483422;77,386804
137;18,48026;77,409469
138;18,485744;77,371323
139;18,490781;77,387268
140;18,496561;77,395603
141;18,501976;77,388506
142;18,474671;77,402196
143;18,486247;77,37414
144;18,484323;77,394719
145;18,469241;77,373422
146;18,466982;77,390948
147;18,499444;77,39378
148;18,470262;77,385708
149;18,4806;77,392185
150;18,487896;77,392499
151;18,479235;77,387113
152;18,464739;77,390061
153;18,468153;77,386757
154;18,47831;77,370928
155;18,466997;77,382155
156;18,483253;77,375863
157;18,476951;77,384373
158;18,489974;77,396003
159;18,479624;77,372121
160;18,49336;77,391485
161;18,486598;77,385459
162;18,479042;77,389053
163;18,48337;77,384453
164;18,472141;77,382452
165;18,485271;77,391396
166;18,485896;77,376626
167;18,477969;77,386834
168;18,493716;77,389359
169;18,479365;77,393854
170;18,479623;77,388628
171;18,481411;77,382677
172;18,49925;77,385938
173;18,501434;77,385243
174;18,481675;77,383686
175;18,485275;77,401861
176;18,478914;77,381593
177;18,487543;77,399509
178;18,486077;77,383094
179;18,487381;77,396715
180;18,483225;77,393324
181;18,484008;77,395109
182;18,480227;77,375762
183;18,477842;77,394236
184;18,484133;77,394538
185;18,482668;77,389703
186;18,469793;77,384704
187;18,481974;77,384997
188;18,481486;77,379729
189;18,4837;77,397834
190;18,482803;77,388337
191;18,458373;77,392284
192;18,490015;77,384921
193;18,466383;77,400462
194;18,492478;77,396199
195;18,476872;77,385627
196;18,487964;77,387349
197;18,474021;77,387424
198;18,492707;77,390696
199;18,487891;77,393279
200;18,491777;77,396077
201;18,482921;77,386451
202;18,490308;77,382565
203;18,471221;77,394228
204;18,482136;77,394572
205;18,498065;77,397289
206;18,474679;77,385435
207;18,473857;77,389753
208;18,47121;77,393744
209;18,504035;77,398276
210;18,476941;77,387597
211;18,469878;77,414563
212;18,496278;77,386729
213;18,470135;77,385295
214;18,467521;77,407333
215;18,494807;77,382425
216;18,490723;77,391862
217;18,500494;77,406927
218;18,485975;77,400823
219;18,473141;77,380845
220;18,486655;77,406521
221;18,469714;77,400649
222;18,484495;77,380955
223;18,481421;77,378769
224;18,479019;77,394755
225;18,465916;77,370468
226;18,479777;77,38417
227;18,490977;77,369413
228;18,504837;77,371014
229;18,487372;77,39952
230;18,486558;77,390026
231;18,487072;77,395002
232;18,485054;77,3864
233;18,483559;77,377833
234;18,480719;77,388658
235;18,46623;77,387473
236;18,486766;77,375222
237;18,487551;77,400645
238;18,485546;77,396778
239;18,477673;77,376455
240;18,492556;77,384418
241;18,477083;77,402694
242;18,492413;77,394125
243;18,477667;77,39454
244;18,474197;77,392484
245;18,493726;77,374516
246;18,472012;77,392258
247;18,483555;77,395652
248;18,487656;77,399621
249;18,492945;77,384518
250;18,476115;77,396442
251;18,482553;77,394221
252;18,472982;77,381262
253;18,478912;77,383631
254;18,480871;77,396636
255;18,484042;77,395256
256;18,475337;77,391788
257;18,477462;77,377084
258;18,489174;77,372012
259;18,476159;77,38098
260;18,4705;77,401586
261;18,47317;77,383483
262;18,511994;77,403533
263;18,478784;77,380926
264;18,466905;77,386442
265;18,488848;77,399526
266;18,478442;77,395893
267;18,476299;77,415765
268;18,470653;77,36742
269;18,482067;77,403309
270;18,452158;77,401736
271;18,466366;77,377934
272;18,488579;77,384164
273;18,47622;77,372711
274;18,507926;77,400851
275;18,482489;77,402736
276;18,471082;77,40478
277;18,474462;77,39449
278;18,475859;77,39042
279;18,469351;77,401596
280;18,481319;77,380122
281;18,482753;77,386919
282;18,482064;77,39186
283;18,481025;77,405888
284;18,491409;77,389092
285;18,485973;77,375932
286;18,488989;77,373979
287;18,492077;77,396177
288;18,47014;77,384998
289;18,480581;77,393929
290;18,47594;77,38877
291;18,490312;77,397243
292;18,481487;77,39404
293;18,502832;77,374847
294;18,477519;77,395295
295;18,469026;77,391349
296;18,49595;77,372444
297;18,484823;77,385697
298;18,495926;77,373252
299;18,453607;77,384968
300;18,491448;77,377423
301;18,472384;77,372663
302;18,484133;77,379646
303;18,495345;77,398268
304;18,466447;77,377466
305;18,485571;77,380187
306;18,478839;77,40657
307;18,477031;77,383558
308;18,468349;77,392484
309;18,479713;77,380424
310;18,494036;77,392719
311;18,466033;77,405792
312;18,47211;77,389076
313;18,488194;77,389989
314;18,481928;77,399631
315;18,499467;77,408689
316;18,488498;77,409786
317;18,481661;77,399093
318;18,493006;77,38198
319;18,479783;77,380777
320;18,479239;77,404629
321;18,494379;77,389301
322;18,482269;77,396635
323;18,471494;77,400316
324;18,471707;77,391328
325;18,468103;77,383331
326;18,472592;77,391991
327;18,474826;77,393541
328;18,47271;77,37982
329;18,477631;77,394962
330;18,468582;77,386711
331;18,473478;77,390694
332;18,485934;77,386552
333;18,469495;77,381964
334;18,481494;77,388342
335;18,464302;77,396711
336;18,482073;77,388661
337;18,483935;77,381434
338;18,472159;77,406221
339;18,463947;77,396472
340;18,481255;77,396059
341;18,46873;77,390589
342;18,484137;77,377971
343;18,489299;77,410441
344;18,467408;77,393599
345;18,467858;77,376067
346;18,483853;77,40204
347;18,470684;77,387601
348;18,488647;77,381074
349;18,49851;77,407116
350;18,485767;77,395037
351;18,483888;77,392649
352;18,467415;77,392031
353;18,476475;77,391517
354;18,492042;77,38758
355;18,475528;77,410168
356;18,493203;77,391284
357;18,487969;77,389006
358;18,483221;77,384959
359;18,479959;77,400475
360;18,483984;77,404554
361;18,483887;77,395167
362;18,485393;77,39515
363;18,477045;77,40813
364;18,481006;77,394645
365;18,46936;77,380991
366;18,474015;77,390524
367;18,490093;77,380761
368;18,492235;77,378684
369;18,477064;77,391709
370;18,490435;77,399233
371;18,494345;77,402882
372;18,475414;77,398653
373;18,472598;77,385329
374;18,473147;77,400332
375;18,482311;77,401452
376;18,493426;77,380497
377;18,460008;77,383516
378;18,475235;77,38114
379;18,455577;77,388765
380;18,482392;77,377578
381;18,489339;77,392144
382;18,488751;77,392746
383;18,481065;77,398933
384;18,497615;77,381624
385;18,499139;77,39439
386;18,468362;77,389056
387;18,460229;77,378744
388;18,464729;77,392979
389;18,470441;77,392748
390;18,476745;77,391831
391;18,46697;77,378094
392;18,468248;77,39187
393;18,477285;77,37477
394;18,486077;77,406649
395;18,493711;77,375243
396;18,485931;77,37504
397;18,490986;77,396639
398;18,484797;77,396083
399;18,476844;77,397116
400;18,483452;77,38771
401;18,478507;77,36876
402;18,475261;77,396039
403;18,489842;77,38685
404;18,481209;77,386472
405;18,47834;77,379734
406;18,470805;77,386191
407;18,472985;77,366782
408;18,487207;77,390273
409;18,47327;77,396358
410;18,489304;77,395205
411;18,471544;77,391624
412;18,471469;77,40635
413;18,494158;77,398094
414;18,469568;77,399805
415;18,479049;77,389337
416;18,474161;77,385282
417;18,482562;77,401013
418;18,474544;77,382086
419;18,465729;77,383315
420;18,474475;77,385045
421;18,482596;77,385832
422;18,486121;77,402398
423;18,484016;77,389235
424;18,479575;77,38935
425;18,473889;77,389387
426;18,48083;77,397369
427;18,47481;77,386442
428;18,484267;77,399601
429;18,488817;77,380068
430;18,471971;77,394705
431;18,460837;77,383956
432;18,490988;77,397436
433;18,482137;77,399117
434;18,485862;77,406163
435;18,482056;77,38228
436;18,476698;77,388873
437;18,479142;77,391697
438;18,475728;77,384698
439;18,471327;77,385505
440;18,476269;77,386513
441;18,489623;77,394641
442;18,459677;77,378329
443;18,482742;77,386672
444;18,493704;77,387183
445;18,481209;77,382784
446;18,473873;77,392081
447;18,47871;77,395327
448;18,48405;77,397045
449;18,489816;77,381514
450;18,465068;77,38224
451;18,481644;77,376887
452;18,476731;77,393167
453;18,476094;77,400878
454;18,487465;77,392234
455;18,488271;77,399296
456;18,489789;77,375047
457;18,460789;77,396452
458;18,485459;77,399339
459;18,477444;77,389865
460;18,486518;77,394764
461;18,493453;77,397106
462;18,473031;77,394295
463;18,487316;77,370014
464;18,486927;77,393151
465;18,487312;77,385268
466;18,475806;77,384413
467;18,485253;77,400312
468;18,464322;77,39667
469;18,493139;77,375251
470;18,492902;77,394941
471;18,47795;77,388669
472;18,482484;77,375113
473;18,477743;77,39742
474;18,470241;77,400073
475;18,47965;77,375603
476;18,488424;77,392431
477;18,485541;77,37712
478;18,501125;77,380958
479;18,473229;77,403502
480;18,48481;77,396464
481;18,467808;77,404322
482;18,486861;77,395105
483;18,496399;77,379106
484;18,485679;77,381886
485;18,484789;77,390994
486;18,471688;77,407549
487;18,469289;77,392265
488;18,476879;77,391613
489;18,4823;77,390621
490;18,486692;77,392781
491;18,486348;77,36855
492;18,484606;77,399061
493;18,488346;77,382745
494;18,476155;77,389884
495;18,460243;77,406672
496;18,487892;77,386989
497;18,464588;77,396321
498;18,483101;77,380624
499;18,480673;77,386153
500;18,475274;77,382288
501;18,470831;77,39168
502;18,479152;77,371856
503;18,483735;77,390537
504;18,464996;77,399926
505;18,481341;77,393958
506;18,478972;77,380751
507;18,482284;77,365733
508;18,492142;77,38695
509;18,490792;77,390601
510;18,502053;77,386745
511;18,47308;77,376195
512;18,477585;77,385857
513;18,484111;77,382257
514;18,471969;77,3772
515;18,488511;77,392273
516;18,475034;77,390947
517;18,487869;77,389417
518;18,481181;77,400262
519;18,472066;77,402715
520;18,488738;77,393232
521;18,474611;77,411796
522;18,482949;77,373455
523;18,483756;77,3973
524;18,484363;77,385033
525;18,473314;77,368723
526;18,501288;77,376742
527;18,472158;77,382365
528;18,476062;77,405683
529;18,469302;77,385319
530;18,493676;77,387319
531;18,480624;77,375157
532;18,480851;77,407629
533;18,469514;77,388356
534;18,492025;77,38941
535;18,481239;77,422973
536;18,478621;77,405613
537;18,491665;77,375893
538;18,474418;77,38788
539;18,495002;77,395043
540;18,486434;77,385004
541;18,469904;77,384005
542;18,481845;77,38836
543;18,474711;77,378601
544;18,475449;77,383964
545;18,477036;77,395307
546;18,4854;77,381588
547;18,473643;77,38333
548;18,464271;77,38835
549;18,474735;77,402331
550;18,477283;77,370544
551;18,479416;77,400669
552;18,47776;77,383456
553;18,492007;77,393917
554;18,484774;77,397945
555;18,483972;77,390532
556;18,485134;77,394795
557;18,474093;77,392301
558;18,474312;77,386094
559;18,473481;77,383505
560;18,483269;77,393918
561;18,502736;77,358624
562;18,475921;77,383111
563;18,501221;77,383568
564;18,49927;77,393563
565;18,470928;77,40158
566;18,484729;77,375884
567;18,486884;77,378023
568;18,483744;77,392616
569;18,487773;77,390043
570;18,478398;77,397257
571;18,473967;77,383613
572;18,494287;77,393469
573;18,485537;77,38908
574;18,468563;77,399184
575;18,478757;77,38183
576;18,483187;77,388503
577;18,486778;77,398069
578;18,484693;77,378218
579;18,462563;77,395353
580;18,470845;77,381467
581;18,486196;77,393634
582;18,501661;77,395826
583;18,484551;77,394952
584;18,465431;77,379079
585;18,479351;77,388201
586;18,483662;77,402599
587;18,478847;77,362794
588;18,493569;77,379488
589;18,487606;77,376056
590;18,489027;77,398089
591;18,472614;77,392011
592;18,490671;77,374988
593;18,486121;77,397241
594;18,465199;77,374384
595;18,46546;77,395315
596;18,487929;77,382126
597;18,487637;77,380957
598;18,483189;77,381832
599;18,480114;77,398087
600;18,47114;77,390798
601;18,481235;77,404513
602;18,478719;77,409788
603;18,499286;77,405533
604;18,470787;77,394245
605;18,47883;77,383899
606;18,478552;77,38953
607;18,466261;77,387914
608;18,487691;77,396856
609;18,491315;77,376531
610;18,459561;77,399267
611;18,474787;77,378138
612;18,471689;77,390287
613;18,467563;77,398814
614;18,477363;77,389604
615;18,485292;77,379384
616;18,481085;77,378489
617;18,48838;77,380129
618;18,483207;77,381616
619;18,480014;77,390792
620;18,46914;77,407653
621;18,477263;77,394229
622;18,485546;77,381288
623;18,479682;77,384805
624;18,479635;77,390923
625;18,486793;77,388779
626;18,483722;77,390977
627;18,477102;77,401867
628;18,491536;77,399489
629;18,483155;77,387066
630;18,4715;77,413745
631;18,477054;77,399204
632;18,463164;77,38426
633;18,472996;77,384322
634;18,474034;77,386329
635;18,470117;77,39042
636;18,484763;77,396654
637;18,490109;77,395418
638;18,485759;77,39186
639;18,488995;77,384113
640;18,48067;77,416931
641;18,451092;77,395998
642;18,485944;77,381452
643;18,49294;77,383673
644;18,469459;77,364577
645;18,506412;77,402293
646;18,480578;77,386851
647;18,487854;77,413666
648;18,473345;77,389661
649;18,48817;77,369559
650;18,474221;77,40893
651;18,490747;77,393809
652;18,501682;77,384763
653;18,47928;77,388036
654;18,493542;77,379666
655;18,481682;77,383113
656;18,469575;77,393069
657;18,488098;77,398728
658;18,476561;77,376282
659;18,484429;77,392547
660;18,501923;77,398408
661;18,486809;77,380721
662;18,469126;77,379035
663;18,484955;77,383482
664;18,472049;77,396767
665;18,468433;77,40109
666;18,469645;77,383186
667;18,476776;77,394566
668;18,475002;77,398872
669;18,468867;77,384307
670;18,475277;77,382501
671;18,480989;77,382333
672;18,475678;77,393526
673;18,475073;77,379571
674;18,48719;77,385928
675;18,473284;77,370653
676;18,473917;77,396274
677;18,475778;77,381219
678;18,483647;77,378259
679;18,494603;77,388547
680;18,477647;77,404005
681;18,480541;77,361674
682;18,475045;77,404516
683;18,489994;77,377152
684;18,475798;77,38969
685;18,486002;77,389503
686;18,481632;77,389711
687;18,495086;77,391019
688;18,484179;77,39996
689;18,473056;77,393619
690;18,494639;77,392368
691;18,478111;77,402168
692;18,472932;77,389041
693;18,48599;77,385645
694;18,479964;77,394445
695;18,482178;77,368447
696;18,507647;77,400569
697;18,484195;77,377338
698;18,471726;77,392312
699;18,489098;77,389615
700;18,48232;77,392864
701;18,473633;77,389522
702;18,480918;77,396381
703;18,488216;77,40147
704;18,473786;77,368689
705;18,471278;77,410551
706;18,474318;77,386507
707;18,472065;77,38911
708;18,488387;77,409157
709;18,476346;77,389808
710;18,474627;77,381591
711;18,487067;77,379131
712;18,476246;77,381444
713;18,479773;77,394075
714;18,471437;77,388665
715;18,474833;77,398644
716;18,484836;77,381794
717;18,475566;77,385347
718;18,46064;77,365539
719;18,472139;77,377385
720;18,468659;77,375938
721;18,489591;77,394804
722;18,479503;77,391013
723;18,487204;77,384553
724;18,479628;77,380028
725;18,473;77,39479
726;18,493322;77,384844
727;18,476808;77,396421
728;18,477683;77,396429
729;18,474737;77,386816
730;18,453904;77,379572
731;18,47204;77,391834
732;18,488675;77,392013
733;18,454707;77,395577
734;18,486514;77,382271
735;18,492871;77,382211
736;18,48536;77,396429
737;18,476562;77,39836
738;18,486557;77,412999
739;18,47767;77,374543
740;18,475686;77,392195
741;18,464109;77,379104
742;18,472109;77,377587
743;18,470138;77,373925
744;18,480392;77,413555
745;18,480891;77,398112
746;18,487382;77,400836
747;18,476202;77,409878
748;18,475981;77,387152
749;18,478625;77,387669
750;18,493515;77,386467
751;18,467672;77,409549
752;18,480659;77,412741
753;18,489054;77,392183
754;18,486451;77,37974
755;18,500873;77,388655
756;18,477855;77,370057
757;18,468973;77,385364
758;18,474195;77,389609
759;18,479377;77,399472
760;18,470059;77,39573
761;18,487362;77,368476
762;18,482092;77,381551
763;18,477172;77,394705
764;18,491066;77,398401
765;18,473753;77,392313
766;18,475239;77,39087
767;18,475179;77,394064
768;18,477802;77,385488
769;18,481447;77,389701
770;18,48031;77,383622
771;18,489161;77,390369
772;18,488926;77,398569
773;18,48602;77,398568
774;18,485644;77,368206
775;18,471603;77,413453
776;18,479127;77,403354
777;18,492852;77,392995
778;18,496728;77,39366
779;18,487285;77,383206
780;18,48413;77,393221
781;18,470476;77,393334
782;18,491838;77,382079
783;18,47339;77,392153
784;18,477181;77,377706
785;18,46697;77,380106
786;18,480579;77,408108
787;18,480953;77,404044
788;18,481725;77,373065
789;18,486172;77,384753
790;18,479073;77,388142
791;18,485205;77,374101
792;18,480544;77,405342
793;18,473326;77,385694
794;18,475098;77,38654
795;18,476743;77,392484
796;18,485338;77,394365
797;18,487785;77,381285
798;18,46513;77,394796
799;18,476588;77,374816
800;18,469653;77,390753
801;18,477681;77,388591
802;18,487147;77,370345
803;18,487245;77,401882
804;18,498119;77,379271
805;18,470369;77,394415
806;18,48451;77,393523
807;18,470433;77,399452
808;18,483469;77,382104
809;18,472029;77,396925
810;18,484824;77,409554
811;18,498488;77,3911
812;18,497311;77,377645
813;18,471073;77,399059
814;18,475842;77,397949
815;18,481128;77,389233
816;18,459993;77,385478
817;18,475923;77,383999
818;18,472783;77,385999
819;18,473691;77,395298
820;18,474495;77,393704
821;18,489572;77,397362
822;18,462063;77,389129
823;18,481671;77,381943
824;18,477059;77,377923
825;18,459479;77,397439
826;18,461439;77,385462
827;18,4656;77,395614
828;18,481305;77,401198
829;18,491767;77,394706
830;18,463331;77,392386
831;18,489416;77,399191
832;18,48069;77,396232
833;18,461098;77,38851
834;18,477612;77,388879
835;18,491385;77,400032
836;18,490583;77,381636
837;18,494402;77,392877
838;18,488761;77,386885
839;18,498424;77,389552
840;18,482353;77,407612
841;18,465723;77,387654
842;18,474222;77,395353
843;18,481576;77,390893
844;18,468601;77,372242
845;18,473288;77,387486
846;18,469163;77,39205
847;18,476829;77,396396
848;18,477748;77,403065
849;18,491268;77,38186
850;18,484912;77,392921
851;18,49551;77,388866
852;18,500141;77,397558
853;18,49767;77,381941
854;18,47539;77,40075
855;18,478927;77,405607
856;18,471307;77,401013
857;18,4693;77,412289
858;18,482101;77,390369
859;18,484395;77,377349
860;18,457696;77,386834
861;18,497437;77,402227
862;18,461487;77,389003
863;18,497809;77,39703
864;18,49012;77,39435
865;18,481124;77,382201
866;18,475433;77,369805
867;18,462412;77,410491
868;18,469814;77,384348
869;18,48823;77,374935
870;18,47918;77,407025
871;18,483997;77,393692
872;18,467724;77,392771
873;18,486571;77,387803
874;18,498306;77,388756
875;18,473496;77,399415
876;18,480926;77,398181
877;18,47169;77,379301
878;18,487714;77,382099
879;18,480379;77,387677
880;18,470498;77,393911
881;18,485738;77,389041
882;18,49147;77,406792
883;18,484201;77,388229
884;18,481728;77,387212
885;18,475471;77,395358
886;18,462637;77,384023
887;18,497014;77,383246
888;18,47688;77,389335
889;18,475462;77,392687
890;18,479192;77,382847
891;18,467685;77,392625
892;18,477878;77,401478
893;18,483454;77,387358
894;18,477825;77,391373
895;18,477951;77,407306
896;18,482987;77,401901
897;18,468235;77,393407
898;18,485082;77,386126
899;18,490835;77,386942
900;18,498408;77,383544
901;18,472535;77,393996
902;18,488667;77,384151
903;18,468819;77,393537
904;18,479273;77,386889
905;18,471933;77,37406
906;18,477123;77,398547
907;18,48197;77,382794
908;18,48704;77,379956
909;18,486013;77,389852
910;18,482391;77,394821
911;18,476969;77,403102
912;18,464465;77,384823
913;18,470823;77,381971
914;18,472134;77,38876
915;18,46843;77,400751
916;18,496278;77,401372
917;18,49821;77,388843
918;18,478301;77,390393
919;18,478864;77,386455
920;18,49526;77,389443
921;18,479735;77,378362
922;18,50155;77,382682
923;18,496681;77,37174
924;18,475996;77,387972
925;18,467967;77,3849
926;18,475674;77,379886
927;18,458411;77,390154
928;18,468265;77,380531
929;18,485976;77,395299
930;18,48846;77,410766
931;18,468094;77,38159
932;18,482812;77,399373
933;18,473536;77,386298
934;18,475576;77,399235
935;18,470546;77,404015
936;18,477037;77,391783
937;18,500514;77,382757
938;18,506905;77,385302
939;18,488171;77,396657
940;18,471318;77,391191
941;18,478598;77,390832
942;18,47471;77,409168
943;18,489703;77,397198
944;18,469492;77,383874
945;18,479028;77,389554
946;18,478752;77,370895
947;18,482009;77,375691
948;18,468356;77,399053
949;18,463048;77,378655
950;18,493175;77,366202
951;18,474864;77,395152
952;18,478001;77,400404
953;18,480771;77,393732
954;18,492507;77,379261
955;18,483755;77,389681
956;18,472094;77,398689
957;18,485512;77,390543
958;18,470015;77,408057
959;18,4909;77,387245
960;18,492492;77,401428
961;18,50341;77,398187
962;18,47786;77,395825
963;18,462513;77,390792
964;18,487082;77,395523
965;18,479164;77,395607
966;18,466277;77,400216
967;18,480636;77,37498
968;18,486588;77,38296
969;18,483416;77,403122
970;18,476155;77,38413
971;18,483276;77,375709
972;18,469646;77,399683
973;18,467464;77,397401
974;18,471617;77,391219
975;18,466231;77,383101
976;18,483795;77,392449
977;18,485973;77,378459
978;18,467546;77,392561
979;18,481764;77,387768
980;18,492341;77,414965
981;18,490258;77,389475
982;18,489705;77,391993
983;18,478895;77,402574
984;18,468846;77,385093
985;18,501961;77,380441
986;18,467613;77,38843
987;18,481498;77,39868
988;18,473884;77,388088
989;18,488076;77,384332
990;18,489244;77,393247
991;18,466633;77,387298
992;18,485499;77,395913
993;18,492071;77,407649
994;18,479223;77,393009
995;18,483895;77,384953
996;18,481013;77,411954
997;18,489637;77,400719
998;18,485648;77,402979
999;18,480574;77,39044
1000;18,476049;77,392883
1001;18,500259;77,404123
1002;18,478538;77,373691
1003;18,475562;77,395991
1004;18,471107;77,385428
1005;18,477141;77,384192
1006;18,454411;77,383452
1007;18,467767;77,405049
1008;18,474296;77,400718
1009;18,487992;77,379949
1010;18,466294;77,397286
1011;18,488131;77,399837
1012;18,476187;77,390819
1013;18,460248;77,398044
1014;18,478822;77,391847
1015;18,493833;77,387905
1016;18,490402;77,384817
1017;18,49237;77,384858
1018;18,478327;77,40035
1019;18,468443;77,39904
1020;18,479505;77,404563
1021;18,471155;77,415894
1022;18,494611;77,391413
1023;18,467591;77,380536
1024;18,487277;77,378611
1025;18,477556;77,399074
1026;18,475033;77,392396
1027;18,485371;77,409024
1028;18,488248;77,380093
1029;18,476738;77,39656
1030;18,483951;77,393397
1031;18,464237;77,389131
1032;18,490446;77,385568
1033;18,464916;77,389108
1034;18,472437;77,380453
1035;18,489285;77,390366
1036;18,460508;77,393252
1037;18,4654;77,388239
1038;18,468898;77,384324
1039;18,489117;77,401479
1040;18,469522;77,396515
1041;18,486008;77,372251
1042;18,497476;77,378399
1043;18,477403;77,393021
1044;18,471092;77,400717
1045;18,480028;77,386655
1046;18,473223;77,378322
1047;18,45336;77,396949
1048;18,499317;77,391698
1049;18,473515;77,39226
1050;18,478732;77,398252
1051;18,481742;77,398078
1052;18,459643;77,391955
1053;18,481026;77,374373
1054;18,476917;77,378189
1055;18,480971;77,402684
1056;18,477046;77,383341
1057;18,458652;77,400355
1058;18,484832;77,382901
1059;18,488684;77,381621
1060;18,486273;77,389761
1061;18,469043;77,396772
1062;18,481731;77,399024
1063;18,46851;77,392215
1064;18,482479;77,388145
1065;18,492669;77,388787
1066;18,480586;77,389203
1067;18,473962;77,376488
1068;18,477386;77,381098
1069;18,495501;77,391554
1070;18,474187;77,39866
1071;18,473274;77,378304
1072;18,47872;77,400223
1073;18,455396;77,396104
1074;18,477973;77,388337
1075;18,477137;77,386678
1076;18,471838;77,393422
1077;18,480343;77,393777
1078;18,468798;77,403051
1079;18,465441;77,407993
1080;18,462127;77,397335
1081;18,466936;77,383582
1082;18,481228;77,365798
1083;18,469983;77,406252
1084;18,490115;77,378958
1085;18,492804;77,378691
1086;18,459491;77,382706
1087;18,493901;77,401582
1088;18,483827;77,403022
1089;18,477669;77,390156
1090;18,476796;77,381135
1091;18,492129;77,399997
1092;18,472612;77,394441
1093;18,48647;77,372653
1094;18,488587;77,387001
1095;18,494507;77,386303
1096;18,475978;77,398206
1097;18,476834;77,395137
1098;18,476408;77,391959
1099;18,482442;77,393971
1100;18,48278;77,405755
1101;18,48831;77,386496
1102;18,466862;77,395865
1103;18,470105;77,390217
1104;18,486588;77,386393
1105;18,481019;77,396437
1106;18,484855;77,404399
1107;18,487158;77,391559
1108;18,496276;77,393958
1109;18,478174;77,380968
1110;18,473424;77,374613
1111;18,469356;77,366998
1112;18,48566;77,362918
1113;18,480793;77,395878
1114;18,491586;77,378793
1115;18,483172;77,374866
1116;18,474224;77,375797
1117;18,47038;77,4127
1118;18,473353;77,3928
1119;18,485133;77,380539
1120;18,455225;77,380329
1121;18,484476;77,397697
1122;18,474878;77,380294
1123;18,475968;77,384872
1124;18,49684;77,377766
1125;18,500586;77,39898
1126;18,493175;77,380009
1127;18,466738;77,411765
1128;18,483597;77,403608
1129;18,503663;77,392139
1130;18,470164;77,372164
1131;18,497353;77,388987
1132;18,476322;77,393042
1133;18,476806;77,388495
1134;18,469807;77,380225
1135;18,487584;77,40702
1136;18,46764;77,396442
1137;18,477682;77,384933
1138;18,472003;77,390519
1139;18,483221;77,389259
1140;18,487423;77,387707
1141;18,464141;77,394324
1142;18,482022;77,373813
1143;18,498319;77,403259
1144;18,478512;77,385955
1145;18,476311;77,382569
1146;18,484432;77,389391
1147;18,493122;77,404459
1148;18,46942;77,386426
1149;18,470649;77,396008
1150;18,478364;77,400218
1151;18,491205;77,395382
1152;18,481818;77,379505
1153;18,478597;77,386589
1154;18,49948;77,409303
1155;18,483742;77,395292
1156;18,487965;77,385856
1157;18,486256;77,410984
1158;18,490786;77,387599
1159;18,476642;77,381964
1160;18,477064;77,401972
1161;18,499924;77,392593
1162;18,476598;77,392068
1163;18,493432;77,377403
1164;18,492954;77,392699
1165;18,467107;77,401339
1166;18,489867;77,402171
1167;18,479187;77,396883
1168;18,483951;77,390416
1169;18,479191;77,380146
1170;18,472406;77,396116
1171;18,474842;77,385258
1172;18,483645;77,394413
1173;18,465625;77,387959
1174;18,492818;77,388815
1175;18,473291;77,385102
1176;18,473993;77,394279
1177;18,455432;77,403087
1178;18,478025;77,397195
1179;18,496237;77,388737
1180;18,458552;77,38638
1181;18,486535;77,383252
1182;18,485536;77,371535
1183;18,462239;77,370243
1184;18,47498;77,38776
1185;18,483399;77,38798
1186;18,485448;77,386277
1187;18,468773;77,401591
1188;18,477066;77,40187
1189;18,471868;77,401423
1190;18,472372;77,398291
1191;18,468733;77,407825
1192;18,486167;77,404593
1193;18,483672;77,395312
1194;18,490453;77,381432
1195;18,496956;77,394962
1196;18,49287;77,398035
1197;18,482434;77,39213
1198;18,485111;77,400757
1199;18,485799;77,397999
1200;18,481524;77,386231
1201;18,467025;77,378331
1202;18,469261;77,395687
1203;18,485605;77,398756
1204;18,476118;77,400841
1205;18,471851;77,395074
1206;18,482326;77,386784
1207;18,473434;77,380884
1208;18,479187;77,397064
1209;18,476086;77,39089
1210;18,472105;77,396119
1211;18,491844;77,398981
1212;18,495594;77,409864
1213;18,468992;77,388778
1214;18,478641;77,392395
1215;18,487343;77,402878
1216;18,485634;77,408984
1217;18,484213;77,404222
1218;18,476837;77,401475
1219;18,47237;77,395397
1220;18,479972;77,40679
1221;18,470862;77,400504
1222;18,474813;77,397674
1223;18,482468;77,379393
1224;18,479276;77,39791
1225;18,483157;77,389663
1226;18,477005;77,377486
1227;18,484641;77,388264
1228;18,490409;77,368222
1229;18,467929;77,391112
1230;18,480196;77,389417
1231;18,469907;77,403847
1232;18,475875;77,401066
1233;18,473016;77,37682
1234;18,476327;77,393676
1235;18,485144;77,38705
1236;18,479699;77,397304
1237;18,479541;77,3764
1238;18,474065;77,386138
1239;18,490733;77,388573
1240;18,495058;77,413493
1241;18,489092;77,385176
1242;18,492782;77,391428
1243;18,467555;77,399674
1244;18,469726;77,382075
1245;18,48847;77,376471
1246;18,487399;77,38727
1247;18,473518;77,399265
1248;18,481818;77,386264
1249;18,495025;77,395896
1250;18,483045;77,395546
1251;18,486876;77,398219
1252;18,468194;77,385555
1253;18,472462;77,379763
1254;18,491448;77,397398
1255;18,496377;77,389685
1256;18,480513;77,399502
1257;18,483494;77,409675
1258;18,494284;77,389839
1259;18,475803;77,392811
1260;18,488812;77,394709
1261;18,489486;77,382996
1262;18,481421;77,385397
1263;18,494961;77,403887
1264;18,494926;77,384483
1265;18,479226;77,390993
1266;18,476883;77,379951
1267;18,490042;77,390244
1268;18,478773;77,392171
1269;18,489532;77,402737
1270;18,48648;77,391084
1271;18,47258;77,399235
1272;18,467946;77,384179
1273;18,467397;77,37868
1274;18,482082;77,378911
1275;18,481443;77,392675
1276;18,477298;77,388295
1277;18,483639;77,392894
1278;18,476747;77,38218
1279;18,486436;77,389642
1280;18,465777;77,40327
1281;18,478325;77,396985
1282;18,482818;77,380754
1283;18,487485;77,355884
1284;18,491848;77,384875
1285;18,479414;77,382768
1286;18,471243;77,392659
1287;18,470418;77,385242
1288;18,484293;77,389717
1289;18,4644;77,39993
1290;18,464373;77,386901
1291;18,475533;77,408208
1292;18,47881;77,384137
1293;18,478195;77,381376
1294;18,489956;77,382334
1295;18,490988;77,395115
1296;18,478138;77,39675
1297;18,489989;77,389965
1298;18,48681;77,38693
1299;18,48329;77,393351
1300;18,471232;77,37349
1301;18,472556;77,379788
1302;18,492679;77,380503
1303;18,480514;77,384422
1304;18,472285;77,415037
1305;18,48841;77,396002
1306;18,472596;77,389946
1307;18,481089;77,379108
1308;18,476126;77,387095
1309;18,471363;77,403575
1310;18,486906;77,394293
1311;18,481174;77,399909
1312;18,455099;77,393198
1313;18,48203;77,397477
1314;18,48283;77,392847
1315;18,476527;77,376275
1316;18,49216;77,371517
1317;18,485086;77,382659
1318;18,487175;77,387522
1319;18,500183;77,395487
1320;18,479747;77,384436
1321;18,485291;77,392459
1322;18,471301;77,392334
1323;18,476633;77,394947
1324;18,464384;77,404213
1325;18,493592;77,378567
1326;18,473594;77,394563
1327;18,489491;77,388091
1328;18,477107;77,394459
1329;18,459671;77,39617
1330;18,480591;77,397301
1331;18,466747;77,391282
1332;18,480376;77,383157
1333;18,480809;77,393465
1334;18,476249;77,396942
1335;18,493181;77,400188
1336;18,470771;77,377336
1337;18,502126;77,384713
1338;18,474312;77,416208
1339;18,486809;77,382577
1340;18,487644;77,382386
1341;18,473784;77,387477
1342;18,485558;77,371083
1343;18,492795;77,376251
1344;18,491378;77,378161
1345;18,478883;77,405227
1346;18,4773;77,399391
1347;18,4701;77,383389
1348;18,490313;77,390641
1349;18,475127;77,38817
1350;18,468605;77,398026
1351;18,478619;77,396589
1352;18,490196;77,373704
1353;18,476396;77,387018
1354;18,495425;77,392895
1355;18,461357;77,392957
1356;18,485579;77,384773
1357;18,46721;77,389514
1358;18,469074;77,37704
1359;18,474164;77,382054
1360;18,489213;77,39024
1361;18,494144;77,38644
1362;18,484971;77,38653
1363;18,483771;77,368843
1364;18,476331;77,393079
1365;18,481231;77,396693
1366;18,486818;77,390013
1367;18,466172;77,379612
1368;18,494005;77,414426
1369;18,464115;77,392617
1370;18,456554;77,398437
1371;18,477622;77,367639
1372;18,480098;77,376776
1373;18,486038;77,395562
1374;18,477503;77,401493
1375;18,466654;77,401502
1376;18,490542;77,393927
1377;18,495902;77,387564
1378;18,488732;77,411488
1379;18,478532;77,398937
1380;18,476246;77,381069
1381;18,481659;77,384987
1382;18,463138;77,405596
1383;18,489818;77,386851
1384;18,479432;77,385766
1385;18,479451;77,399308
1386;18,4812;77,362739
1387;18,474038;77,393284
1388;18,503689;77,374431
1389;18,490598;77,392506
1390;18,472629;77,383178
1391;18,485393;77,387389
1392;18,481752;77,385079
1393;18,466009;77,401272
1394;18,483862;77,390752
1395;18,481298;77,379716
1396;18,46361;77,392482
1397;18,495706;77,382562
1398;18,477198;77,384612
1399;18,488777;77,397894
1400;18,456888;77,378035
1401;18,485732;77,39138
1402;18,483186;77,388949
1403;18,498468;77,383557
1404;18,472831;77,375235
1405;18,489051;77,404009
1406;18,487971;77,38574
1407;18,487722;77,395925
1408;18,484212;77,393423
1409;18,467234;77,39508
1410;18,485457;77,387186
1411;18,482831;77,37368
1412;18,48775;77,379449
1413;18,468418;77,391778
1414;18,493348;77,393612
1415;18,483306;77,391284
1416;18,470362;77,37499
1417;18,483077;77,378022
1418;18,482421;77,383068
1419;18,477315;77,396239
1420;18,475127;77,389439
1421;18,485156;77,381347
1422;18,471953;77,379389
1423;18,47825;77,397044
1424;18,479358;77,395623
1425;18,461487;77,370607
1426;18,452546;77,373413
1427;18,467607;77,396344
1428;18,491199;77,394121
1429;18,469504;77,410577
1430;18,471835;77,386661
1431;18,468622;77,383624
1432;18,477071;77,378057
1433;18,473083;77,393827
1434;18,477784;77,392701
1435;18,488217;77,39588
1436;18,465803;77,383696
1437;18,479928;77,387426
1438;18,478606;77,390609
1439;18,480767;77,39149
1440;18,484743;77,386527
1441;18,485915;77,399537
1442;18,470926;77,383264
1443;18,478683;77,397479
1444;18,494131;77,398271
1445;18,483383;77,390843
1446;18,49003;77,38158
1447;18,47306;77,379722
1448;18,488179;77,383552
1449;18,495084;77,371022
1450;18,472979;77,373175
1451;18,491455;77,392217
1452;18,476555;77,388251
1453;18,494038;77,404848
1454;18,484067;77,393479
1455;18,49815;77,388899
1456;18,46709;77,380233
1457;18,480495;77,397458
1458;18,484032;77,390301
1459;18,474511;77,393979
1460;18,47813;77,393985
1461;18,484321;77,380035
1462;18,466214;77,386705
1463;18,49176;77,397383
1464;18,487716;77,394861
1465;18,486302;77,394057
1466;18,478453;77,394316
1467;18,485503;77,401541
1468;18,456467;77,397058
1469;18,4757;77,390924
1470;18,491627;77,406922
1471;18,508414;77,398588
1472;18,466476;77,383515
1473;18,471608;77,373247
1474;18,490499;77,382858
1475;18,470148;77,401758
1476;18,483427;77,406274
1477;18,464586;77,364182
1478;18,47471;77,416057
1479;18,486451;77,392956
1480;18,491991;77,403757
1481;18,479118;77,395287
1482;18,468474;77,382544
1483;18,494877;77,39719
1484;18,47508;77,401128
1485;18,482231;77,400703
1486;18,495371;77,392424
1487;18,474421;77,39578
1488;18,479001;77,394751
1489;18,477623;77,379878
1490;18,469237;77,416291
1491;18,458805;77,387034
1492;18,465634;77,387043
1493;18,454121;77,390547
1494;18,476877;77,396845
1495;18,485973;77,401555
1496;18,479393;77,404105
1497;18,486929;77,40609
1498;18,479907;77,385733
1499;18,478349;77,391704
1500;18,465129;77,385931
1501;18,485509;77,399776
1502;18,481955;77,400576
1503;18,478018;77,391024
1504;18,472701;77,380779
1505;18,483751;77,390893
1506;18,487706;77,394447
1507;18,475041;77,382553
1508;18,493012;77,387273
1509;18,492875;77,384287
1510;18,482411;77,390953
1511;18,485361;77,382018
1512;18,474889;77,403898
1513;18,461614;77,38364
1514;18,482569;77,387387
1515;18,486079;77,387867
1516;18,487557;77,371183
1517;18,480938;77,394677
1518;18,473076;77,388375
1519;18,495642;77,379798
1520;18,491773;77,387779
1521;18,48596;77,396327
1522;18,453978;77,37618
1523;18,481216;77,383379
1524;18,463059;77,40483
1525;18,482254;77,401502
1526;18,47356;77,389613
1527;18,476973;77,406037
1528;18,467235;77,390472
1529;18,494508;77,381804
1530;18,47552;77,401882
1531;18,474164;77,391421
1532;18,485604;77,396769
1533;18,467419;77,399159
1534;18,491359;77,392458
1535;18,499179;77,391594
1536;18,490402;77,394402
1537;18,484117;77,394808
1538;18,488501;77,38091
1539;18,474628;77,387217
1540;18,486387;77,386339
1541;18,480238;77,37927
1542;18,485146;77,381758
1543;18,47989;77,398628
1544;18,479688;77,376332
1545;18,486623;77,388828
1546;18,485821;77,389685
1547;18,466511;77,403864
1548;18,479376;77,381799
1549;18,474282;77,391
1550;18,488371;77,376822
1551;18,480969;77,402197
1552;18,494446;77,394029
1553;18,486561;77,371525
1554;18,467625;77,391607
1555;18,489509;77,394932
1556;18,474983;77,385346
1557;18,483187;77,401298
1558;18,487042;77,425534
1559;18,473627;77,408425
1560;18,500105;77,390167
1561;18,475601;77,410636
1562;18,473053;77,387097
1563;18,463197;77,383448
1564;18,473661;77,391276
1565;18,482415;77,386891
1566;18,481437;77,394598
1567;18,470423;77,386844
1568;18,476005;77,389899
1569;18,478706;77,382622
1570;18,510363;77,408831
1571;18,469862;77,398277
1572;18,489245;77,396847
1573;18,478233;77,385097
1574;18,499975;77,373221
1575;18,492797;77,399746
1576;18,483745;77,399799
1577;18,481054;77,41335
1578;18,482725;77,38895
1579;18,479215;77,393653
1580;18,479526;77,401844
1581;18,484933;77,404195
1582;18,469387;77,390663
1583;18,481289;77,381798
1584;18,483671;77,394739
1585;18,480445;77,381664
1586;18,491919;77,383926
1587;18,482555;77,399245
1588;18,496011;77,397476
1589;18,48136;77,387587
1590;18,485151;77,397485
1591;18,472328;77,396557
1592;18,470291;77,387277
1593;18,465583;77,395528
1594;18,459335;77,383216
1595;18,488908;77,398705
1596;18,47505;77,387059
1597;18,476278;77,385681
1598;18,477875;77,375719
1599;18,482128;77,393235
1600;18,481356;77,394239
1601;18,488594;77,387315
1602;18,488369;77,39184
1603;18,473535;77,39194
1604;18,486154;77,3906
1605;18,476241;77,387232
1606;18,47408;77,353385
1607;18,485518;77,394891
1608;18,48397;77,39303
1609;18,470009;77,386579
1610;18,477749;77,372856
1611;18,494802;77,413572
1612;18,470865;77,389314
1613;18,483515;77,395498
1614;18,483255;77,382945
1615;18,484798;77,39562
1616;18,476673;77,396348
1617;18,487092;77,387026
1618;18,482979;77,376957
1619;18,472478;77,390802
1620;18,480893;77,39992
1621;18,487141;77,38493
1622;18,484051;77,383491
1623;18,480887;77,406159
1624;18,474198;77,393586
1625;18,472127;77,381174
1626;18,460826;77,383233
1627;18,484965;77,392388
1628;18,481472;77,388281
1629;18,474986;77,397537
1630;18,4785;77,384107
1631;18,470342;77,389274
1632;18,481301;77,378944
1633;18,480927;77,381623
1634;18,494845;77,397302
1635;18,48233;77,385594
1636;18,498;77,390025
1637;18,488518;77,365744
1638;18,480765;77,386954
1639;18,482415;77,391636
1640;18,479987;77,373092
1641;18,494691;77,357804
1642;18,474108;77,401434
1643;18,482202;77,397229
1644;18,494803;77,375694
1645;18,478659;77,384628
1646;18,474702;77,40388
1647;18,470932;77,405788
1648;18,478514;77,387208
1649;18,478963;77,394151
1650;18,465615;77,37809
1651;18,47409;77,392454
1652;18,480542;77,400805
1653;18,499516;77,384203
1654;18,479741;77,370925
1655;18,484017;77,394845
1656;18,463224;77,386309
1657;18,478706;77,375729
1658;18,492369;77,398797
1659;18,486936;77,380365
1660;18,484996;77,399306
1661;18,485414;77,374602
1662;18,492447;77,389157
1663;18,471881;77,39736
1664;18,48742;77,393591
1665;18,472351;77,395361
1666;18,475564;77,406729
1667;18,488564;77,398868
1668;18,484863;77,390784
1669;18,488346;77,41239
1670;18,462042;77,395554
1671;18,486498;77,382287
1672;18,467133;77,397671
1673;18,461838;77,392164
1674;18,469337;77,37441
1675;18,494053;77,408511
1676;18,480288;77,379582
1677;18,487528;77,374697
1678;18,469746;77,384404
1679;18,483943;77,392028
1680;18,469181;77,383239
1681;18,480617;77,392544
1682;18,481603;77,390412
1683;18,470954;77,405154
1684;18,477315;77,379986
1685;18,464967;77,394852
1686;18,477311;77,384066
1687;18,481056;77,396104
1688;18,477271;77,383765
1689;18,480985;77,384573
1690;18,465282;77,39444
1691;18,485035;77,391338
1692;18,477266;77,393585
1693;18,484206;77,392725
1694;18,486211;77,395023
1695;18,478028;77,398143
1696;18,489329;77,386419
1697;18,489707;77,404371
1698;18,463151;77,392123
1699;18,489493;77,386211
1700;18,491642;77,390631
1701;18,474725;77,396608
1702;18,48633;77,400801
1703;18,487956;77,389633
1704;18,492264;77,392742
1705;18,473682;77,400914
1706;18,471475;77,390963
1707;18,486476;77,389107
1708;18,475017;77,396561
1709;18,494628;77,399552
1710;18,486318;77,405032
1711;18,497561;77,393069
1712;18,467967;77,388288
1713;18,482819;77,380909
1714;18,475467;77,391957
1715;18,460658;77,397688
1716;18,49401;77,384982
1717;18,482562;77,402406
1718;18,494595;77,38733
1719;18,480908;77,405732
1720;18,476383;77,370842
1721;18,501762;77,414479
1722;18,478747;77,401502
1723;18,482936;77,390712
1724;18,484732;77,372306
1725;18,472191;77,385281
1726;18,479102;77,383992
1727;18,481599;77,396141
1728;18,475143;77,388819
1729;18,500065;77,391854
1730;18,468878;77,372794
1731;18,477434;77,383864
1732;18,483722;77,395757
1733;18,477543;77,380504
1734;18,464695;77,392942
1735;18,471499;77,390249
1736;18,476894;77,387795
1737;18,472228;77,402465
1738;18,485015;77,399769
1739;18,486597;77,382892
1740;18,485296;77,390457
1741;18,483693;77,396702
1742;18,470588;77,396326
1743;18,480831;77,392195
1744;18,452729;77,379562
1745;18,488976;77,411729
1746;18,483619;77,398531
1747;18,482488;77,409224
1748;18,489437;77,393158
1749;18,474159;77,377967
1750;18,470925;77,383966
1751;18,466908;77,38418
1752;18,479824;77,361891
1753;18,495414;77,387878
1754;18,467943;77,38091
1755;18,487931;77,387051
1756;18,462138;77,395032
1757;18,474614;77,38803
1758;18,480287;77,396036
1759;18,474873;77,390364
1760;18,491474;77,384583
1761;18,489238;77,384461
1762;18,489673;77,379249
1763;18,47698;77,391252
1764;18,479781;77,394448
1765;18,485147;77,379713
1766;18,493474;77,401719
1767;18,484785;77,388833
1768;18,48831;77,40718
1769;18,480628;77,40248
1770;18,482888;77,38698
1771;18,47881;77,402262
1772;18,468034;77,396116
1773;18,499938;77,396988
1774;18,477946;77,383854
1775;18,48538;77,376079
1776;18,485683;77,367907
1777;18,481953;77,383545
1778;18,48018;77,385366
1779;18,480729;77,378196
1780;18,481852;77,38557
1781;18,475969;77,376958
1782;18,487229;77,379777
1783;18,469449;77,397184
1784;18,465733;77,386652
1785;18,48634;77,39013
1786;18,48893;77,388389
1787;18,490613;77,384233
1788;18,472294;77,403367
1789;18,475231;77,382307
1790;18,478066;77,407494
1791;18,461629;77,389039
1792;18,486616;77,391197
1793;18,467056;77,383239
1794;18,481694;77,393018
1795;18,480651;77,410829
1796;18,465805;77,388971
1797;18,467808;77,385054
1798;18,465415;77,385031
1799;18,485942;77,393702
1800;18,487956;77,399606
1801;18,46432;77,398967
1802;18,471143;77,384414
1803;18,480601;77,386334
1804;18,470771;77,378197
1805;18,490262;77,374327
1806;18,469208;77,3725
1807;18,483509;77,397067
1808;18,480196;77,384392
1809;18,487718;77,392713
1810;18,473149;77,397589
1811;18,473466;77,373686
1812;18,473207;77,403124
1813;18,469053;77,374807
1814;18,463592;77,393198
1815;18,501272;77,394876
1816;18,471162;77,405033
1817;18,487321;77,390382
1818;18,465171;77,398034
1819;18,454262;77,404413
1820;18,474073;77,401734
1821;18,478779;77,389536
1822;18,478672;77,372296
1823;18,495961;77,401466
1824;18,467465;77,38689
1825;18,467737;77,382294
1826;18,485234;77,371477
1827;18,463803;77,386022
1828;18,469833;77,380485
1829;18,474806;77,397993
1830;18,490382;77,39137
1831;18,486309;77,384849
1832;18,487127;77,404502
1833;18,482984;77,382809
1834;18,48125;77,399277
1835;18,473778;77,393426
1836;18,488058;77,393718
1837;18,475857;77,381973
1838;18,491811;77,379486
1839;18,489071;77,403847
1840;18,465865;77,403511
1841;18,475068;77,417887
1842;18,487925;77,370672
1843;18,479951;77,374667
1844;18,493749;77,41125
1845;18,48768;77,401937
1846;18,494394;77,405294
1847;18,482749;77,395835
1848;18,495119;77,382147
1849;18,48645;77,378432
1850;18,471206;77,403865
1851;18,460172;77,385905
1852;18,476885;77,391049
1853;18,466361;77,396731
1854;18,482574;77,392393
1855;18,49447;77,39256
1856;18,484476;77,395596
1857;18,482547;77,380303
1858;18,467684;77,395189
1859;18,480455;77,401868
1860;18,481211;77,375462
1861;18,478883;77,408721
1862;18,477227;77,403545
1863;18,478068;77,393576
1864;18,475396;77,3764
1865;18,48485;77,394366
1866;18,479147;77,392779
1867;18,500654;77,39643
1868;18,479246;77,370925
1869;18,477853;77,383699
1870;18,483427;77,381509
1871;18,481641;77,368144
1872;18,467886;77,395849
1873;18,479995;77,383976
1874;18,47699;77,393874
1875;18,453696;77,396101
1876;18,47937;77,422288
1877;18,472644;77,396539
1878;18,480245;77,399544
1879;18,497194;77,388817
1880;18,494436;77,371493
1881;18,495152;77,393494
1882;18,485265;77,361519
1883;18,475434;77,386183
1884;18,4755;77,394829
1885;18,474235;77,372909
1886;18,491515;77,392015
1887;18,497352;77,38403
1888;18,471608;77,403384
1889;18,492186;77,387928
1890;18,50348;77,389815
1891;18,47533;77,379136
1892;18,466161;77,401049
1893;18,47231;77,397507
1894;18,493824;77,399757
1895;18,475175;77,39858
1896;18,46833;77,387995
1897;18,456103;77,388218
1898;18,472544;77,379703
1899;18,486521;77,387414
1900;18,475117;77,394754
1901;18,48718;77,385311
1902;18,459182;77,406114
1903;18,476521;77,393089
1904;18,4753;77,395181
1905;18,48478;77,383539
1906;18,491729;77,414526
1907;18,491748;77,398279
1908;18,465483;77,392366
1909;18,460529;77,389538
1910;18,481759;77,406259
1911;18,472865;77,389013
1912;18,48085;77,386265
1913;18,475357;77,400684
1914;18,476851;77,399045
1915;18,496704;77,382853
1916;18,489979;77,39821
1917;18,474006;77,372874
1918;18,481957;77,379507
1919;18,477803;77,391713
1920;18,498374;77,39244
1921;18,488841;77,389632
1922;18,479726;77,384663
1923;18,498035;77,397519
1924;18,483242;77,400404
1925;18,481711;77,389973
1926;18,471172;77,400288
1927;18,472815;77,389032
1928;18,476855;77,371905
1929;18,463712;77,383457
1930;18,498038;77,397836
1931;18,481582;77,396746
1932;18,494683;77,37652
1933;18,480196;77,38065
1934;18,47688;77,378085
1935;18,492928;77,400516
1936;18,486868;77,381364
1937;18,473081;77,399239
1938;18,447532;77,407798
1939;18,488646;77,399838
1940;18,477487;77,387429
1941;18,473268;77,392993
1942;18,491114;77,377563
1943;18,471858;77,381384
1944;18,472525;77,384521
1945;18,502298;77,396327
1946;18,473509;77,385198
1947;18,486343;77,380153
1948;18,495402;77,378137
1949;18,467274;77,381866
1950;18,47149;77,388217
1951;18,470881;77,398219
1952;18,491959;77,406578
1953;18,472903;77,379433
1954;18,471291;77,393253
1955;18,461746;77,402419
1956;18,500137;77,391458
1957;18,478476;77,389247
1958;18,497618;77,408251
1959;18,4832;77,380254
1960;18,474871;77,372172
1961;18,494134;77,394353
1962;18,475128;77,402574
1963;18,507227;77,381168
1964;18,475593;77,377986
1965;18,483595;77,391879
1966;18,478462;77,371126
1967;18,497854;77,365758
1968;18,475557;77,382453
1969;18,493186;77,376323
1970;18,469791;77,378909
1971;18,486551;77,403891
1972;18,485243;77,391422
1973;18,465154;77,386709
1974;18,489048;77,390051
1975;18,463226;77,407325
1976;18,493012;77,390143
1977;18,472073;77,388444
1978;18,483265;77,395294
1979;18,46517;77,377286
1980;18,47382;77,368425
1981;18,494753;77,391742
1982;18,464711;77,394174
1983;18,470647;77,40236
1984;18,474368;77,380059
1985;18,486383;77,41155
1986;18,474707;77,386478
1987;18,467405;77,391485
1988;18,483815;77,378655
1989;18,479422;77,37941
1990;18,487499;77,388811
1991;18,490575;77,401541
1992;18,490553;77,372311
1993;18,479405;77,395596
1994;18,500871;77,387564
1995;18,483641;77,388082
1996;18,462314;77,40237
1997;18,485723;77,388155
1998;18,471246;77,371144
1999;18,476055;77,392098
2000;18,469815;77,391791
